id,first_name,last_name,email,gender,ip_address
1,Haze,Winnard,hwinnard0@mysql.com,Male,158.111.185.246
2,Catrina,Spark,cspark1@chicagotribune.com,Female,227.174.107.51
3,Vikki,Jikovsky,vjikovsky2@ocn.ne.jp,Female,80.170.144.173
4,Jdavie,Cregg,jcregg3@utexas.edu,Male,6.201.196.20
5,Kass,Eirwin,keirwin4@army.mil,Female,214.224.61.53
6,Genvieve,Trass,gtrass5@goo.ne.jp,Female,208.234.157.139
7,Ricard,Zanussii,rzanussii6@bigcartel.com,Male,68.206.87.52
8,Wait,Epple,wepple7@sohu.com,Male,58.244.206.57
9,Barbaraanne,Bloan,bbloan8@home.pl,Female,78.51.203.219
10,Theda,Senter,tsenter9@lulu.com,Female,38.252.189.106
11,Hersh,De Paepe,hdepaepea@adobe.com,Male,221.45.219.116
12,Etta,Luety,eluetyb@barnesandnoble.com,Female,184.18.122.91
13,Maurice,Michelotti,mmichelottic@squarespace.com,Male,177.208.65.200
14,Drew,Kreuzer,dkreuzerd@youtu.be,Male,164.208.209.60
15,Lari,Illston,lillstone@bigcartel.com,Female,77.56.79.151
16,Cherilynn,Harwin,charwinf@elegantthemes.com,Bigender,234.68.179.81
17,Buddie,Bushel,bbushelg@accuweather.com,Male,45.15.152.0
18,Fons,Daveran,fdaveranh@state.gov,Male,146.221.12.33
19,Port,Keford,pkefordi@dot.gov,Male,158.190.213.50
20,Virgil,Outerbridge,vouterbridgej@stanford.edu,Male,146.85.41.173
21,Alden,Cogswell,acogswellk@netscape.com,Male,222.67.28.8
22,Alessandro,Simanek,asimanekl@jigsy.com,Male,208.102.26.0
23,Jessalin,Marsland,jmarslandm@liveinternet.ru,Female,232.55.164.245
24,Bobbee,Andree,bandreen@globo.com,Female,91.30.142.198
25,Andrus,Beane,abeaneo@google.de,Male,142.97.215.176
26,Klarrisa,Stooke,kstookep@disqus.com,Female,6.164.119.108
27,Orsola,Kenworthy,okenworthyq@acquirethisname.com,Genderqueer,125.184.0.138
28,Anderson,Greenrod,agreenrodr@sphinn.com,Male,214.235.179.218
29,Leda,Patesel,lpatesels@foxnews.com,Female,45.48.13.234
30,Newton,Crutchfield,ncrutchfieldt@paypal.com,Male,96.0.54.111
31,Kesley,Rubinowitz,krubinowitzu@comcast.net,Female,252.147.198.33
32,Heindrick,Lanfare,hlanfarev@de.vu,Male,240.113.120.11
33,Lura,Lamperti,llampertiw@goo.gl,Female,149.208.41.219
34,Niccolo,Hunnaball,nhunnaballx@amazon.co.uk,Male,146.41.60.235
35,Veronique,Raittie,vraittiey@rediff.com,Female,87.235.212.56
36,Neddy,Doers,ndoersz@psu.edu,Male,28.135.96.225
37,Otes,Laval,olaval10@exblog.jp,Male,243.5.141.22
38,Madeleine,Felderer,mfelderer11@t-online.de,Agender,216.106.189.23
39,Allen,Vlasyuk,avlasyuk12@plala.or.jp,Male,84.239.97.207
40,Kenn,Arthey,karthey13@phoca.cz,Male,189.20.144.128
41,Karlis,Fordham,kfordham14@addtoany.com,Male,45.106.185.36
42,Georgi,Crosson,gcrosson15@spotify.com,Male,33.198.29.10
43,Westbrook,Kilgannon,wkilgannon16@springer.com,Male,98.125.125.6
44,Sapphira,Trangmar,strangmar17@hud.gov,Female,238.131.187.21
45,Chane,Sedcole,csedcole18@google.nl,Male,10.195.229.3
46,Dex,Goodlad,dgoodlad19@utexas.edu,Male,229.220.50.245
47,Odella,Python,opython1a@samsung.com,Female,191.171.208.181
48,Alie,Lambol,alambol1b@examiner.com,Female,220.76.121.89
49,Billy,Grewar,bgrewar1c@mashable.com,Male,152.252.182.245
50,Latia,Corbould,lcorbould1d@hostgator.com,Female,50.57.3.229
51,Ki,Dagless,kdagless1e@whitehouse.gov,Genderqueer,176.156.66.140
52,Guntar,McCrae,gmccrae1f@qq.com,Agender,104.204.210.37
53,Milty,Mar,mmar1g@google.de,Male,192.161.177.138
54,Bernie,Conyers,bconyers1h@noaa.gov,Female,115.105.167.70
55,Onofredo,Farries,ofarries1i@princeton.edu,Male,4.247.66.12
56,Addie,Tregensoe,atregensoe1j@timesonline.co.uk,Male,70.193.189.196
57,Alvina,Loseby,aloseby1k@fema.gov,Female,153.14.101.32
58,Staffard,Durrett,sdurrett1l@phoca.cz,Male,229.248.83.17
59,Janek,Slewcock,jslewcock1m@indiegogo.com,Male,5.62.46.226
60,Tobey,Janic,tjanic1n@usda.gov,Agender,2.43.40.83
61,Cornelle,Brasse,cbrasse1o@pen.io,Female,119.196.126.133
62,Bobbe,Houdmont,bhoudmont1p@instagram.com,Female,217.39.220.231
63,Christal,Learmount,clearmount1q@abc.net.au,Female,55.214.117.231
64,Kalie,Broadberrie,kbroadberrie1r@blogspot.com,Female,79.217.200.221
65,Janeczka,Harvett,jharvett1s@1688.com,Genderqueer,79.141.184.243
66,Fleming,Beiderbecke,fbeiderbecke1t@indiegogo.com,Male,243.80.66.133
67,Zechariah,Franken,zfranken1u@wsj.com,Male,218.241.4.115
68,Moria,Harlick,mharlick1v@cbc.ca,Female,43.96.32.130
69,Catharine,Pulfer,cpulfer1w@biglobe.ne.jp,Polygender,253.130.94.155
70,Payton,Haquin,phaquin1x@tmall.com,Male,41.25.215.62
71,Thia,Aloshkin,taloshkin1y@phpbb.com,Female,172.142.234.51
72,Elbertine,O'Corren,eocorren1z@berkeley.edu,Female,145.208.87.134
73,Shane,Broadberrie,sbroadberrie20@newsvine.com,Male,75.252.103.189
74,Hyman,Farmiloe,hfarmiloe21@printfriendly.com,Male,38.119.199.217
75,Robinetta,Rigard,rrigard22@last.fm,Female,111.204.117.76
76,Wynn,Bruntjen,wbruntjen23@bbc.co.uk,Female,136.251.235.4
77,Skippie,Brouard,sbrouard24@house.gov,Male,132.38.165.83
78,Dorotea,Covet,dcovet25@delicious.com,Bigender,232.31.111.32
79,Kathleen,Brand,kbrand26@shop-pro.jp,Female,62.6.84.109
80,Conny,Itscowicz,citscowicz27@ucsd.edu,Male,50.40.67.121
81,Zoe,Fontanet,zfontanet28@marriott.com,Female,241.105.54.72
82,Carolyn,Ephgrave,cephgrave29@washington.edu,Female,250.211.33.244
83,Benjamin,Syder,bsyder2a@twitpic.com,Male,126.99.118.82
84,Margarette,Enrico,menrico2b@hexun.com,Female,144.26.45.245
85,Orville,Threlfall,othrelfall2c@patch.com,Male,148.175.128.153
86,Veronique,Guinan,vguinan2d@shutterfly.com,Female,65.36.223.111
87,Claudelle,Amberson,camberson2e@sakura.ne.jp,Female,8.150.241.14
88,Lyon,Bruhke,lbruhke2f@cafepress.com,Male,153.100.246.129
89,Lucian,Starmore,lstarmore2g@yelp.com,Bigender,32.70.71.117
90,Bil,Reims,breims2h@yellowbook.com,Male,33.68.123.32
91,Beverlie,Dodwell,bdodwell2i@mapy.cz,Female,222.117.97.23
92,Arnoldo,Baguley,abaguley2j@desdev.cn,Male,241.1.218.237
93,Crissy,Maestro,cmaestro2k@pen.io,Female,59.249.56.8
94,Arnaldo,Parfrey,aparfrey2l@ftc.gov,Male,160.142.242.185
95,Boony,Dunbar,bdunbar2m@tinypic.com,Male,104.49.114.96
96,Eleanore,Baine,ebaine2n@discovery.com,Non-binary,18.129.79.123
97,Kennett,Gant,kgant2o@furl.net,Male,150.201.242.27
98,Zeke,Tisor,ztisor2p@tmall.com,Male,250.190.22.33
99,Allan,Blase,ablase2q@usda.gov,Male,100.148.229.48
100,Kitty,Newson,knewson2r@youtu.be,Female,24.198.70.178
